{
  "GET /courses" : {
    "transaction" : "GET /courses",
    "sampleCount" : 200,
    "errorCount" : 0,
    "errorPct" : 0.0,
    "meanResTime" : 19.535,
    "medianResTime" : 13.0,
    "minResTime" : 6.0,
    "maxResTime" : 110.0,
    "pct1ResTime" : 38.400000000000034,
    "pct2ResTime" : 67.64999999999992,
    "pct3ResTime" : 97.98000000000002,
    "throughput" : 11.32887730825875,
    "receivedKBytesPerSec" : 6.848217825988445,
    "sentKBytesPerSec" : 3.916428288206639
  },
  "POST /auth/login" : {
    "transaction" : "POST /auth/login",
    "sampleCount" : 200,
    "errorCount" : 0,
    "errorPct" : 0.0,
    "meanResTime" : 271.15999999999997,
    "medianResTime" : 243.5,
    "minResTime" : 117.0,
    "maxResTime" : 660.0,
    "pct1ResTime" : 429.8,
    "pct2ResTime" : 483.84999999999997,
    "pct3ResTime" : 618.8100000000002,
    "throughput" : 11.15137998327293,
    "receivedKBytesPerSec" : 6.893382352941177,
    "sentKBytesPerSec" : 3.2234457764148314
  },
  "Total" : {
    "transaction" : "Total",
    "sampleCount" : 600,
    "errorCount" : 0,
    "errorPct" : 0.0,
    "meanResTime" : 104.44999999999996,
    "medianResTime" : 23.0,
    "minResTime" : 6.0,
    "maxResTime" : 660.0,
    "pct1ResTime" : 299.29999999999984,
    "pct2ResTime" : 407.0,
    "pct3ResTime" : 562.9300000000001,
    "throughput" : 32.04957000160248,
    "receivedKBytesPerSec" : 18.017450323166496,
    "sentKBytesPerSec" : 10.818816436087817
  },
  "GET /professors" : {
    "transaction" : "GET /professors",
    "sampleCount" : 200,
    "errorCount" : 0,
    "errorPct" : 0.0,
    "meanResTime" : 22.655,
    "medianResTime" : 15.5,
    "minResTime" : 6.0,
    "maxResTime" : 162.0,
    "pct1ResTime" : 46.0,
    "pct2ResTime" : 63.0,
    "pct3ResTime" : 147.61000000000035,
    "throughput" : 11.241639030970715,
    "receivedKBytesPerSec" : 5.2146274801866115,
    "sentKBytesPerSec" : 4.248549125962565
  }
}